Method,Name,Error,Occurrences
PUT,/terms/Kubernetes,"CatchResponseError('Connection dropped, skipping')",1
GET,/terms/OAuth,CatchResponseError('Status 0'),15
GET,/terms/DNS,CatchResponseError('Status 0'),10
PUT,/terms/SSL,"CatchResponseError('Connection dropped, skipping')",3
PUT,/terms/HTTP,"CatchResponseError('Connection dropped, skipping')",3
GET,/terms/PostgreSQL,CatchResponseError('Status 0'),21
PUT,/terms/WebSocket,"CatchResponseError('Connection dropped, skipping')",6
PUT,/terms/Redis,"CatchResponseError('Connection dropped, skipping')",7
GET,/terms/HTTP,CatchResponseError('Status 0'),20
GET,/terms/CDN,CatchResponseError('Status 0'),11
POST,/terms,"CatchResponseError('Connection dropped, skipping')",352
GET,/terms/UDP,CatchResponseError('Status 0'),22
PUT,/terms/gRPC,"CatchResponseError('Connection dropped, skipping')",4
GET,/terms/NoSQL,CatchResponseError('Status 0'),15
PUT,/terms/OAuth,"CatchResponseError('Connection dropped, skipping')",5
GET,/terms/TLS,CatchResponseError('Status 0'),13
PUT,/terms/GraphQL,"CatchResponseError('Connection dropped, skipping')",5
PUT,/terms/UDP,"CatchResponseError('Connection dropped, skipping')",4
PUT,/terms/MQTT,"CatchResponseError('Connection dropped, skipping')",4
PUT,/terms/API,"CatchResponseError('Connection dropped, skipping')",2
GET,/terms/TCP,CatchResponseError('Status 0'),27
GET,/terms/gRPC,CatchResponseError('Status 0'),15
GET,/terms,CatchResponseError('Status 0'),659
PUT,/terms/Elasticsearch,"CatchResponseError('Connection dropped, skipping')",4
GET,/terms/SQL,CatchResponseError('Status 0'),13
PUT,/terms/REST,"CatchResponseError('Connection dropped, skipping')",1
PUT,/terms/TCP,"CatchResponseError('Connection dropped, skipping')",1
GET,/terms/MQTT,CatchResponseError('Status 0'),16
GET,/terms/Microservices,CatchResponseError('Status 0'),19
PUT,/terms/NoSQL,"CatchResponseError('Connection dropped, skipping')",3
GET,/terms/SSL,CatchResponseError('Status 0'),16
GET,/terms/JSON,CatchResponseError('Status 0'),14
PUT,/terms/DNS,"CatchResponseError('Connection dropped, skipping')",3
GET,/terms/Redis,CatchResponseError('Status 0'),18
PUT,/terms/SQL,"CatchResponseError('Connection dropped, skipping')",1
GET,/terms/API,CatchResponseError('Status 0'),25
PUT,/terms/MongoDB,"CatchResponseError('Connection dropped, skipping')",4
PUT,/terms/Protobuf,"CatchResponseError('Connection dropped, skipping')",3
GET,/terms/REST,CatchResponseError('Status 0'),16
PUT,/terms/Microservices,"CatchResponseError('Connection dropped, skipping')",3
GET,/terms/Kubernetes,CatchResponseError('Status 0'),23
PUT,/terms/TLS,"CatchResponseError('Connection dropped, skipping')",2
GET,/terms/CORS,CatchResponseError('Status 0'),11
GET,/terms/XML,CatchResponseError('Status 0'),19
PUT,/terms/PostgreSQL,"CatchResponseError('Connection dropped, skipping')",3
PUT,/terms/CDN,"CatchResponseError('Connection dropped, skipping')",2
GET,/terms/Protobuf,CatchResponseError('Status 0'),13
PUT,/terms/JWT,"CatchResponseError('Connection dropped, skipping')",4
GET,/terms/JWT,CatchResponseError('Status 0'),22
GET,/terms/WebSocket,CatchResponseError('Status 0'),23
PUT,/terms/JSON,"CatchResponseError('Connection dropped, skipping')",4
GET,/terms/Docker,CatchResponseError('Status 0'),14
PUT,/terms/CORS,"CatchResponseError('Connection dropped, skipping')",2
PUT,/terms/Docker,"CatchResponseError('Connection dropped, skipping')",8
GET,/terms/Elasticsearch,CatchResponseError('Status 0'),13
GET,/terms/MongoDB,CatchResponseError('Status 0'),14
PUT,/terms/XML,"CatchResponseError('Connection dropped, skipping')",2
GET,/terms/GraphQL,CatchResponseError('Status 0'),23
